Id,Category
0,positive
1,positive
2,negative
3,negative
4,negative
5,positive
6,positive
7,negative
8,negative
9,negative
10,positive
11,positive
12,negative
13,positive
14,positive
15,negative
16,negative
17,positive
18,positive
19,positive
20,positive
21,positive
22,negative
23,negative
24,positive
25,negative
26,negative
27,negative
28,negative
29,positive
30,negative
31,negative
32,positive
33,negative
34,negative
35,negative
36,positive
37,negative
38,positive
39,positive
40,negative
41,negative
42,negative
43,positive
44,negative
45,negative
46,negative
47,negative
48,negative
49,negative
50,negative
51,negative
52,negative
53,positive
54,negative
55,negative
56,positive
57,positive
58,negative
59,negative
60,negative
61,positive
62,negative
63,negative
64,negative
65,negative
66,positive
67,negative
68,negative
69,positive
70,negative
71,positive
72,negative
73,positive
74,positive
75,negative
76,negative
77,negative
78,positive
79,negative
80,negative
81,positive
82,negative
83,positive
84,negative
85,positive
86,positive
87,negative
88,positive
89,negative
90,positive
91,positive
92,negative
93,negative
94,positive
95,negative
96,negative
97,positive
98,positive
99,negative
100,negative
101,negative
102,positive
103,positive
104,negative
105,positive
106,positive
107,positive
108,positive
109,positive
110,positive
111,negative
112,positive
113,positive
114,negative
115,negative
116,positive
117,negative
118,positive
119,negative
120,negative
121,negative
122,negative
123,negative
124,negative
125,negative
126,positive
127,negative
128,positive
129,positive
130,negative
131,negative
132,negative
133,negative
134,negative
135,negative
136,positive
137,negative
138,negative
139,negative
140,positive
141,positive
142,negative
143,positive
144,positive
145,negative
146,positive
147,positive
148,negative
149,negative
150,negative
151,positive
152,positive
153,negative
154,positive
155,negative
156,negative
157,negative
158,positive
159,positive
160,positive
161,negative
162,positive
163,positive
164,negative
165,positive
166,negative
167,negative
168,positive
169,negative
170,negative
171,positive
172,positive
173,negative
174,positive
175,negative
176,positive
177,negative
178,negative
179,positive
180,positive
181,negative
182,positive
183,positive
184,positive
185,positive
186,positive
187,positive
188,positive
189,positive
190,positive
191,negative
192,positive
193,negative
194,negative
195,negative
196,positive
197,positive
198,positive
199,negative
200,negative
201,positive
202,negative
203,positive
204,negative
205,positive
206,negative
207,positive
208,negative
209,positive
210,negative
211,negative
212,negative
213,positive
214,negative
215,positive
216,negative
217,negative
218,negative
219,positive
220,positive
221,negative
222,positive
223,positive
224,negative
225,negative
226,positive
227,positive
228,negative
229,negative
230,positive
231,negative
232,positive
233,negative
234,negative
235,negative
236,positive
237,negative
238,positive
239,positive
240,positive
241,positive
242,negative
243,negative
244,negative
245,negative
246,negative
247,positive
248,positive
249,positive
250,negative
251,negative
252,positive
253,negative
254,positive
255,positive
256,positive
257,positive
258,positive
259,negative
260,negative
261,negative
262,negative
263,positive
264,positive
265,negative
266,positive
267,negative
268,negative
269,negative
270,positive
271,positive
272,negative
273,positive
274,positive
275,positive
276,positive
277,negative
278,positive
279,negative
280,positive
281,negative
282,positive
283,negative
284,positive
285,negative
286,negative
287,positive
288,positive
289,positive
290,positive
291,positive
292,positive
293,negative
294,negative
295,negative
296,positive
297,negative
298,negative
299,negative
300,positive
301,negative
302,negative
303,positive
304,positive
305,positive
306,positive
307,positive
308,negative
309,positive
310,negative
311,positive
312,positive
313,negative
314,positive
315,negative
316,negative
317,negative
318,negative
319,negative
320,positive
321,positive
322,positive
323,negative
324,positive
325,positive
326,negative
327,positive
328,positive
329,negative
330,negative
331,positive
332,negative
333,positive
334,positive
335,negative
336,negative
337,negative
338,negative
339,negative
340,negative
341,positive
342,negative
343,positive
344,positive
345,negative
346,positive
347,negative
348,positive
349,positive
350,negative
351,negative
352,positive
353,positive
354,negative
355,negative
356,negative
357,positive
358,negative
359,negative
360,positive
361,negative
362,positive
363,positive
364,negative
365,negative
366,positive
367,positive
368,positive
369,positive
370,positive
371,positive
372,negative
373,negative
374,negative
375,positive
376,positive
377,positive
378,positive
379,positive
380,positive
381,positive
382,negative
383,negative
384,positive
385,negative
386,positive
387,negative
388,positive
389,negative
390,positive
391,positive
392,positive
393,positive
394,positive
395,positive
396,negative
397,negative
398,negative
399,negative
400,negative
401,negative
402,negative
403,negative
404,positive
405,negative
406,positive
407,positive
408,positive
409,positive
410,positive
411,negative
412,positive
413,positive
414,negative
415,positive
416,positive
417,positive
418,negative
419,negative
420,positive
421,negative
422,positive
423,negative
424,negative
425,positive
426,positive
427,negative
428,positive
429,negative
430,positive
431,positive
432,positive
433,negative
434,negative
435,positive
436,negative
437,negative
438,negative
439,positive
440,negative
441,negative
442,positive
443,negative
444,negative
445,negative
446,positive
447,positive
448,positive
449,positive
450,positive
451,positive
452,positive
453,negative
454,positive
455,positive
456,positive
457,negative
458,negative
459,negative
460,positive
461,positive
462,negative
463,positive
464,negative
465,negative
466,negative
467,negative
468,negative
469,positive
470,positive
471,negative
472,positive
473,negative
474,negative
475,negative
476,negative
477,positive
478,positive
479,negative
480,positive
481,positive
482,negative
483,negative
484,negative
485,positive
486,positive
487,positive
488,negative
489,positive
490,negative
491,negative
492,positive
493,negative
494,negative
495,positive
496,negative
497,positive
498,negative
499,negative
500,positive
501,negative
502,positive
503,negative
504,negative
505,negative
506,positive
507,negative
508,positive
509,negative
510,negative
511,positive
512,positive
513,positive
514,positive
515,positive
516,negative
517,positive
518,negative
519,negative
520,negative
521,positive
522,negative
523,positive
524,negative
525,positive
526,positive
527,positive
528,negative
529,positive
530,positive
531,negative
532,positive
533,positive
534,negative
535,negative
536,positive
537,negative
538,negative
539,positive
540,negative
541,negative
542,positive
543,negative
544,negative
545,positive
546,positive
547,positive
548,positive
549,negative
550,positive
551,negative
552,positive
553,positive
554,negative
555,positive
556,negative
557,negative
558,negative
559,positive
560,negative
561,positive
562,positive
563,positive
564,negative
565,positive
566,positive
567,negative
568,positive
569,positive
570,negative
571,negative
572,negative
573,positive
574,positive
575,positive
576,positive
577,positive
578,positive
579,negative
580,positive
581,negative
582,negative
583,positive
584,negative
585,negative
586,positive
587,negative
588,negative
589,negative
590,positive
591,negative
592,positive
593,positive
594,negative
595,positive
596,negative
597,negative
598,positive
599,negative
600,positive
601,positive
602,negative
603,negative
604,negative
605,negative
606,positive
607,negative
608,negative
609,negative
610,negative
611,negative
612,negative
613,negative
614,positive
615,positive
616,negative
617,positive
618,positive
619,positive
620,positive
621,negative
622,negative
623,negative
624,negative
625,positive
626,negative
627,positive
628,positive
629,negative
630,positive
631,positive
632,negative
633,negative
634,negative
635,positive
636,negative
637,positive
638,positive
639,positive
640,positive
641,negative
642,negative
643,negative
644,positive
645,positive
646,negative
647,negative
648,positive
649,negative
650,negative
651,negative
652,negative
653,negative
654,negative
655,negative
656,negative
657,positive
658,positive
659,positive
660,negative
661,positive
662,positive
663,positive
664,negative
665,negative
666,negative
667,positive
668,negative
669,negative
670,positive
671,negative
672,negative
673,negative
674,positive
675,negative
676,positive
677,negative
678,negative
679,positive
680,negative
681,negative
682,negative
683,negative
684,negative
685,negative
686,negative
687,positive
688,negative
689,positive
690,positive
691,positive
692,positive
693,positive
694,negative
695,negative
696,positive
697,negative
698,positive
699,negative
700,positive
701,positive
702,negative
703,negative
704,positive
705,negative
706,positive
707,negative
708,negative
709,positive
710,negative
711,negative
712,negative
713,negative
714,negative
715,negative
716,negative
717,positive
718,positive
719,negative
720,negative
721,negative
722,negative
723,negative
724,positive
725,negative
726,positive
727,negative
728,positive
729,negative
730,positive
731,positive
732,negative
733,positive
734,negative
735,negative
736,negative
737,positive
738,negative
739,negative
740,negative
741,positive
742,negative
743,positive
744,positive
745,positive
746,positive
747,negative
748,negative
749,negative
750,negative
751,negative
752,positive
753,negative
754,positive
755,negative
756,negative
757,negative
758,positive
759,negative
760,positive
761,positive
762,negative
763,negative
764,positive
765,negative
766,positive
767,negative
768,negative
769,negative
770,positive
771,negative
772,negative
773,negative
774,negative
775,negative
776,negative
777,negative
778,positive
779,negative
780,positive
781,positive
782,negative
783,negative
784,positive
785,negative
786,positive
787,negative
788,positive
789,positive
790,negative
791,positive
792,positive
793,positive
794,negative
795,negative
796,negative
797,positive
798,negative
799,positive
800,negative
801,positive
802,negative
803,negative
804,positive
805,positive
806,positive
807,negative
808,negative
809,negative
810,positive
811,negative
812,positive
813,positive
814,negative
815,negative
816,positive
817,negative
818,negative
819,positive
820,positive
821,negative
822,negative
823,positive
824,negative
825,negative
826,positive
827,positive
828,positive
829,positive
830,negative
831,negative
832,negative
833,positive
834,negative
835,negative
836,positive
837,negative
838,negative
839,positive
840,negative
841,negative
842,negative
843,negative
844,positive
845,negative
846,positive
847,negative
848,negative
849,positive
850,positive
851,positive
852,negative
853,positive
854,negative
855,positive
856,negative
857,positive
858,negative
859,positive
860,negative
861,negative
862,negative
863,positive
864,negative
865,negative
866,positive
867,positive
868,negative
869,negative
870,positive
871,positive
872,positive
873,positive
874,positive
875,negative
876,positive
877,negative
878,positive
879,positive
880,positive
881,negative
882,negative
883,negative
884,negative
885,positive
886,negative
887,positive
888,positive
889,positive
890,negative
891,positive
892,negative
893,positive
894,positive
895,positive
896,negative
897,negative
898,negative
899,positive
900,negative
901,negative
902,negative
903,positive
904,positive
905,negative
906,negative
907,negative
908,positive
909,negative
910,negative
911,positive
912,negative
913,positive
914,positive
915,negative
916,positive
917,negative
918,positive
919,negative
920,negative
921,positive
922,positive
923,negative
924,negative
925,positive
926,positive
927,negative
928,positive
929,negative
930,positive
931,positive
932,negative
933,positive
934,negative
935,positive
936,negative
937,negative
938,negative
939,negative
940,negative
941,positive
942,positive
943,negative
944,negative
945,positive
946,positive
947,positive
948,positive
949,positive
950,positive
951,negative
952,negative
953,positive
954,negative
955,negative
956,positive
957,negative
958,positive
959,negative
960,negative
961,negative
962,positive
963,negative
964,positive
965,negative
966,positive
967,positive
968,positive
969,positive
970,positive
971,negative
972,negative
973,negative
974,negative
975,negative
976,negative
977,negative
978,negative
979,positive
980,negative
981,negative
982,negative
983,negative
984,negative
985,negative
986,positive
987,positive
988,negative
989,negative
990,positive
991,negative
992,negative
993,positive
994,negative
995,negative
996,negative
997,positive
998,positive
999,negative
1000,negative
1001,positive
1002,negative
1003,positive
1004,positive
1005,negative
1006,positive
1007,positive
1008,positive
1009,positive
1010,negative
1011,positive
1012,positive
1013,positive
1014,positive
1015,negative
1016,negative
1017,positive
1018,positive
1019,positive
1020,negative
1021,positive
1022,negative
1023,negative
1024,negative
1025,negative
1026,positive
1027,negative
1028,positive
1029,positive
1030,positive
1031,positive
1032,negative
1033,positive
1034,negative
1035,positive
1036,negative
1037,negative
1038,positive
1039,positive
1040,negative
1041,negative
1042,negative
1043,positive
1044,negative
1045,negative
1046,positive
1047,positive
1048,positive
1049,negative
1050,negative
1051,negative
1052,negative
1053,positive
1054,positive
1055,positive
1056,negative
1057,positive
1058,positive
1059,negative
1060,negative
1061,positive
1062,negative
1063,positive
1064,negative
1065,negative
1066,positive
1067,negative
1068,negative
1069,positive
1070,positive
1071,positive
1072,positive
1073,negative
1074,negative
1075,negative
1076,negative
1077,negative
1078,negative
1079,positive
1080,negative
1081,positive
1082,negative
1083,positive
1084,negative
1085,positive
1086,positive
1087,negative
1088,positive
1089,negative
1090,positive
1091,negative
1092,negative
1093,positive
1094,negative
1095,positive
1096,negative
1097,positive
1098,negative
1099,positive
1100,positive
1101,negative
1102,positive
1103,positive
1104,positive
1105,negative
1106,positive
1107,positive
1108,positive
1109,positive
1110,negative
1111,negative
1112,negative
1113,positive
1114,negative
1115,positive
1116,positive
1117,negative
1118,positive
1119,positive
1120,positive
1121,positive
1122,positive
1123,negative
1124,positive
1125,negative
1126,negative
1127,positive
1128,negative
1129,positive
1130,negative
1131,positive
1132,positive
1133,positive
1134,positive
1135,positive
1136,negative
1137,negative
1138,positive
1139,negative
1140,positive
1141,negative
1142,negative
1143,negative
1144,positive
1145,negative
1146,positive
1147,positive
1148,negative
1149,negative
1150,negative
1151,negative
1152,negative
1153,negative
1154,negative
1155,negative
1156,negative
1157,negative
1158,positive
1159,positive
1160,negative
1161,negative
1162,positive
1163,positive
1164,positive
1165,positive
1166,positive
1167,negative
1168,negative
1169,positive
1170,negative
1171,positive
1172,positive
1173,positive
1174,positive
1175,negative
1176,positive
1177,positive
1178,positive
1179,positive
1180,negative
1181,negative
1182,positive
1183,negative
1184,negative
1185,positive
1186,positive
1187,positive
1188,negative
1189,positive
1190,negative
1191,negative
1192,negative
1193,positive
1194,positive
1195,positive
1196,positive
1197,negative
1198,negative
1199,negative
1200,positive
1201,positive
1202,negative
1203,positive
1204,negative
1205,negative
1206,negative
1207,negative
1208,negative
1209,positive
1210,negative
1211,negative
1212,positive
1213,negative
1214,negative
1215,positive
1216,positive
1217,negative
1218,negative
1219,negative
1220,positive
1221,negative
1222,positive
1223,positive
1224,positive
1225,positive
1226,negative
1227,negative
1228,positive
1229,negative
1230,positive
1231,positive
1232,negative
1233,negative
1234,positive
1235,positive
1236,negative
1237,positive
1238,positive
1239,positive
1240,positive
1241,negative
1242,positive
1243,positive
1244,negative
1245,positive
1246,negative
1247,positive
1248,negative
1249,positive
1250,negative
1251,positive
1252,negative
1253,positive
1254,negative
1255,positive
1256,positive
1257,negative
1258,positive
1259,negative
1260,negative
1261,positive
1262,negative
1263,positive
1264,positive
1265,positive
1266,positive
1267,negative
1268,negative
1269,positive
1270,negative
1271,negative
1272,negative
1273,negative
1274,positive
1275,negative
1276,positive
1277,negative
1278,negative
1279,positive
1280,negative
1281,positive
1282,negative
1283,negative
1284,positive
1285,positive
1286,negative
1287,positive
1288,negative
1289,positive
1290,negative
1291,negative
1292,positive
1293,positive
1294,positive
1295,positive
1296,negative
1297,positive
1298,negative
1299,negative
1300,positive
1301,negative
1302,positive
1303,negative
1304,positive
1305,positive
1306,negative
1307,negative
1308,positive
1309,positive
1310,negative
1311,positive
1312,positive
1313,negative
1314,positive
1315,negative
1316,positive
1317,positive
1318,negative
1319,negative
1320,positive
1321,negative
1322,positive
1323,negative
1324,negative
1325,positive
1326,negative
1327,negative
1328,negative
1329,positive
1330,negative
1331,positive
1332,positive
1333,positive
1334,negative
1335,positive
1336,negative
1337,positive
1338,negative
1339,positive
1340,positive
1341,positive
1342,negative
1343,positive
1344,positive
1345,negative
1346,positive
1347,negative
1348,positive
1349,positive
1350,positive
1351,negative
1352,negative
1353,positive
1354,negative
1355,negative
1356,negative
1357,positive
1358,positive
1359,negative
1360,positive
1361,positive
1362,negative
1363,negative
1364,negative
1365,negative
1366,positive
1367,negative
1368,negative
1369,negative
1370,positive
1371,negative
1372,negative
1373,negative
1374,positive
1375,positive
1376,negative
1377,positive
1378,negative
1379,positive
1380,negative
1381,negative
1382,negative
1383,positive
1384,positive
1385,negative
1386,negative
1387,positive
1388,positive
1389,positive
1390,negative
1391,negative
1392,negative
1393,positive
1394,positive
1395,positive
1396,positive
1397,negative
1398,negative
1399,negative
1400,positive
1401,negative
1402,positive
1403,negative
1404,negative
1405,positive
1406,negative
1407,positive
1408,positive
1409,positive
1410,negative
1411,positive
1412,negative
1413,negative
1414,positive
1415,negative
1416,positive
1417,negative
1418,negative
1419,positive
1420,positive
1421,positive
1422,positive
1423,negative
1424,negative
1425,negative
1426,positive
1427,negative
1428,negative
1429,negative
1430,negative
1431,positive
1432,negative
1433,negative
1434,negative
1435,negative
1436,negative
1437,positive
1438,positive
1439,negative
1440,positive
1441,negative
1442,negative
1443,positive
1444,negative
1445,positive
1446,positive
1447,negative
1448,negative
1449,positive
1450,negative
1451,negative
1452,positive
1453,positive
1454,negative
1455,negative
1456,negative
1457,negative
1458,positive
1459,positive
1460,positive
1461,positive
1462,negative
1463,negative
1464,positive
1465,negative
1466,negative
1467,positive
1468,negative
1469,positive
1470,negative
1471,positive
1472,positive
1473,positive
1474,positive
1475,positive
1476,positive
1477,negative
1478,positive
1479,negative
1480,negative
1481,negative
1482,negative
1483,positive
1484,negative
1485,negative
1486,positive
1487,positive
1488,negative
1489,positive
1490,negative
1491,positive
1492,positive
1493,negative
1494,negative
1495,negative
1496,positive
1497,positive
1498,negative
1499,positive
1500,negative
1501,negative
1502,negative
1503,positive
1504,positive
1505,positive
1506,positive
1507,positive
1508,positive
1509,positive
1510,negative
1511,negative
1512,negative
1513,positive
1514,positive
1515,positive
1516,negative
1517,negative
1518,positive
1519,negative
1520,negative
1521,negative
1522,positive
1523,positive
1524,positive
1525,positive
1526,positive
1527,negative
1528,positive
1529,negative
1530,negative
1531,positive
1532,negative
1533,positive
1534,negative
1535,negative
1536,positive
1537,positive
1538,negative
1539,positive
1540,negative
1541,positive
1542,positive
1543,negative
1544,negative
1545,negative
1546,positive
1547,positive
1548,negative
1549,negative
1550,positive
1551,positive
1552,positive
1553,positive
1554,negative
1555,positive
1556,positive
1557,positive
1558,positive
1559,negative
1560,negative
1561,negative
1562,positive
1563,negative
1564,negative
1565,negative
1566,negative
1567,negative
1568,negative
1569,positive
1570,negative
1571,negative
1572,negative
1573,positive
1574,negative
1575,positive
1576,positive
1577,positive
1578,negative
1579,negative
1580,positive
1581,positive
1582,negative
1583,negative
1584,positive
1585,negative
1586,positive
1587,positive
1588,positive
1589,positive
1590,negative
1591,negative
1592,positive
1593,negative
1594,positive
1595,negative
1596,negative
1597,positive
1598,negative
1599,positive
1600,positive
1601,positive
1602,negative
1603,positive
1604,positive
1605,negative
1606,negative
1607,positive
1608,positive
1609,negative
1610,positive
1611,negative
1612,positive
1613,positive
1614,negative
1615,negative
1616,negative
1617,positive
1618,negative
1619,negative
1620,negative
1621,negative
1622,positive
1623,positive
1624,positive
1625,negative
1626,negative
1627,negative
1628,positive
1629,positive
1630,positive
1631,positive
1632,negative
1633,positive
1634,negative
1635,negative
1636,positive
1637,negative
1638,negative
1639,negative
1640,negative
1641,negative
1642,negative
1643,negative
1644,negative
1645,negative
1646,positive
1647,negative
1648,positive
1649,negative
1650,positive
1651,negative
1652,negative
1653,positive
1654,negative
1655,negative
1656,positive
1657,positive
1658,positive
1659,negative
1660,negative
1661,positive
1662,positive
1663,negative
1664,positive
1665,negative
1666,negative
1667,positive
1668,positive
1669,negative
1670,negative
1671,positive
1672,positive
1673,positive
1674,positive
1675,positive
1676,positive
1677,negative
1678,negative
1679,positive
1680,negative
1681,negative
1682,negative
1683,negative
1684,negative
1685,positive
1686,negative
1687,positive
1688,negative
1689,positive
1690,positive
1691,positive
1692,positive
1693,positive
1694,positive
1695,negative
1696,negative
1697,positive
1698,negative
1699,positive
1700,positive
1701,negative
1702,negative
1703,negative
1704,negative
1705,negative
1706,negative
1707,positive
1708,positive
1709,negative
1710,positive
1711,negative
1712,negative
1713,positive
1714,positive
1715,positive
1716,negative
1717,negative
1718,positive
1719,negative
1720,positive
1721,positive
1722,positive
1723,positive
1724,positive
1725,negative
1726,positive
1727,positive
1728,positive
1729,negative
1730,negative
1731,negative
1732,positive
1733,negative
1734,negative
1735,positive
1736,negative
1737,negative
1738,negative
1739,negative
1740,positive
1741,negative
1742,positive
1743,positive
1744,negative
1745,positive
1746,positive
1747,negative
1748,negative
1749,negative
1750,negative
1751,positive
1752,negative
1753,negative
1754,positive
1755,negative
1756,positive
1757,negative
1758,negative
1759,negative
1760,positive
1761,positive
1762,negative
1763,negative
1764,negative
1765,positive
1766,positive
1767,positive
1768,negative
1769,positive
1770,positive
1771,positive
1772,positive
1773,positive
1774,negative
1775,negative
1776,positive
1777,negative
1778,positive
1779,positive
1780,positive
1781,positive
1782,negative
1783,positive
1784,negative
1785,positive
1786,positive
1787,positive
1788,negative
1789,negative
1790,positive
1791,negative
1792,negative
1793,positive
1794,positive
1795,positive
1796,positive
1797,negative
1798,positive
1799,positive
1800,negative
1801,negative
1802,negative
1803,negative
1804,positive
1805,positive
1806,negative
1807,negative
1808,negative
1809,positive
1810,positive
1811,positive
1812,negative
1813,negative
1814,negative
1815,positive
1816,positive
1817,negative
1818,positive
1819,negative
1820,negative
1821,negative
1822,positive
1823,positive
1824,positive
1825,negative
1826,negative
1827,positive
1828,negative
1829,positive
1830,negative
1831,positive
1832,positive
1833,positive
1834,positive
1835,positive
1836,negative
1837,positive
1838,negative
1839,positive
1840,positive
1841,positive
1842,positive
1843,negative
1844,negative
1845,positive
1846,negative
1847,positive
1848,negative
1849,negative
1850,negative
1851,negative
1852,positive
1853,negative
1854,positive
1855,positive
1856,negative
1857,negative
1858,negative
1859,positive
1860,positive
1861,positive
1862,negative
1863,positive
1864,positive
1865,negative
1866,negative
1867,positive
1868,negative
1869,positive
1870,positive
1871,negative
1872,positive
1873,positive
1874,positive
1875,positive
1876,positive
1877,negative
1878,positive
1879,negative
1880,negative
1881,negative
1882,positive
1883,positive
1884,positive
1885,negative
1886,positive
1887,negative
1888,positive
1889,negative
1890,positive
1891,positive
1892,positive
1893,negative
1894,negative
1895,positive
1896,negative
1897,positive
1898,positive
1899,negative
1900,positive
1901,positive
1902,negative
1903,positive
1904,positive
1905,negative
1906,negative
1907,negative
1908,negative
1909,positive
1910,negative
1911,positive
1912,negative
1913,negative
1914,negative
1915,positive
1916,negative
1917,negative
1918,negative
1919,negative
1920,negative
1921,negative
1922,negative
1923,positive
1924,negative
1925,negative
1926,negative
1927,positive
1928,negative
1929,positive
1930,positive
1931,negative
1932,negative
1933,negative
1934,positive
1935,positive
1936,positive
1937,negative
1938,negative
1939,positive
1940,negative
1941,positive
1942,positive
1943,negative
1944,positive
1945,positive
1946,negative
1947,negative
1948,positive
1949,positive
1950,positive
1951,positive
1952,positive
1953,positive
1954,negative
1955,negative
1956,negative
1957,positive
1958,positive
1959,negative
1960,positive
1961,positive
1962,positive
1963,negative
1964,negative
1965,positive
1966,positive
1967,positive
1968,negative
1969,negative
1970,negative
1971,negative
1972,positive
1973,positive
1974,negative
1975,positive
1976,positive
1977,negative
1978,positive
1979,positive
1980,negative
1981,negative
1982,positive
1983,positive
1984,positive
1985,positive
1986,negative
1987,positive
1988,negative
1989,negative
1990,positive
1991,negative
1992,negative
1993,negative
1994,positive
1995,positive
1996,positive
1997,negative
1998,negative
1999,negative
2000,negative
2001,positive
2002,positive
2003,positive
2004,positive
2005,positive
2006,positive
2007,positive
2008,negative
2009,positive
2010,negative
2011,negative
2012,positive
2013,positive
2014,negative
2015,negative
2016,negative
2017,positive
2018,positive
2019,positive
2020,negative
2021,positive
2022,negative
2023,negative
2024,negative
2025,positive
2026,negative
2027,negative
2028,negative
2029,positive
2030,positive
2031,positive
2032,positive
2033,negative
2034,negative
2035,negative
2036,negative
2037,negative
2038,negative
2039,negative
2040,negative
2041,positive
2042,positive
2043,negative
2044,positive
2045,positive
2046,positive
2047,negative
2048,positive
2049,negative
2050,positive
2051,positive
2052,negative
2053,negative
2054,negative
2055,negative
2056,positive
2057,negative
2058,negative
2059,positive
2060,positive
2061,positive
2062,negative
2063,positive
2064,negative
2065,positive
2066,negative
2067,positive
2068,negative
2069,negative
2070,negative
2071,negative
2072,negative
2073,positive
2074,positive
2075,negative
2076,negative
2077,positive
2078,positive
2079,positive
2080,positive
2081,negative
2082,negative
2083,positive
2084,negative
2085,positive
2086,negative
2087,positive
2088,negative
2089,positive
2090,negative
2091,positive
2092,positive
2093,negative
2094,positive
2095,negative
2096,positive
2097,negative
2098,positive
2099,negative
2100,negative
2101,positive
2102,negative
2103,positive
2104,negative
2105,positive
2106,positive
2107,positive
2108,negative
2109,negative
2110,positive
2111,positive
2112,negative
2113,negative
2114,positive
2115,positive
2116,positive
2117,positive
2118,negative
2119,positive
2120,negative
2121,negative
2122,negative
2123,negative
2124,negative
2125,negative
2126,negative
2127,negative
2128,negative
2129,positive
2130,negative
2131,negative
2132,positive
2133,negative
2134,negative
2135,positive
2136,positive
2137,negative
2138,positive
2139,positive
2140,positive
2141,positive
2142,negative
2143,positive
2144,positive
2145,negative
2146,positive
2147,negative
2148,negative
2149,negative
2150,positive
2151,negative
2152,positive
2153,positive
2154,negative
2155,positive
2156,negative
2157,negative
2158,positive
2159,negative
2160,positive
2161,positive
2162,negative
2163,positive
2164,positive
2165,negative
2166,negative
2167,negative
2168,negative
2169,negative
2170,positive
2171,negative
2172,positive
2173,negative
2174,negative
2175,positive
2176,negative
2177,positive
2178,positive
2179,positive
2180,negative
2181,negative
2182,negative
2183,negative
2184,positive
2185,negative
2186,positive
2187,positive
2188,negative
2189,negative
2190,positive
2191,positive
2192,positive
2193,negative
2194,positive
2195,negative
2196,positive
2197,negative
2198,negative
2199,negative
2200,negative
2201,positive
2202,negative
2203,negative
2204,negative
2205,negative
2206,negative
2207,negative
2208,negative
2209,negative
2210,positive
2211,positive
2212,negative
2213,negative
2214,positive
2215,negative
2216,negative
2217,negative
2218,negative
2219,positive
2220,negative
2221,positive
2222,negative
2223,positive
2224,negative
2225,negative
2226,negative
2227,positive
2228,positive
2229,positive
2230,positive
2231,positive
2232,negative
2233,negative
2234,positive
2235,negative
2236,negative
2237,negative
2238,negative
2239,positive
2240,negative
2241,negative
2242,positive
2243,positive
2244,negative
2245,positive
2246,positive
2247,negative
2248,positive
2249,positive
2250,positive
2251,negative
2252,negative
2253,negative
2254,negative
2255,positive
2256,negative
2257,negative
2258,negative
2259,negative
2260,negative
2261,positive
2262,positive
2263,negative
2264,negative
2265,positive
2266,positive
2267,negative
2268,negative
2269,positive
2270,negative
2271,negative
2272,negative
2273,positive
2274,negative
2275,positive
2276,negative
2277,positive
2278,negative
2279,positive
2280,positive
2281,negative
2282,positive
2283,positive
2284,positive
2285,positive
2286,negative
2287,positive
2288,positive
2289,negative
2290,negative
2291,negative
2292,negative
2293,negative
2294,positive
2295,positive
2296,positive
2297,positive
2298,negative
2299,negative
2300,negative
2301,negative
2302,negative
2303,positive
2304,negative
2305,negative
2306,positive
2307,negative
2308,negative
2309,positive
2310,negative
2311,positive
2312,negative
2313,positive
2314,negative
2315,positive
2316,negative
2317,negative
2318,positive
2319,positive
2320,negative
2321,negative
2322,positive
2323,positive
2324,negative
2325,negative
2326,positive
2327,positive
2328,positive
2329,positive
2330,positive
2331,negative
2332,positive
2333,negative
2334,negative
2335,positive
2336,negative
2337,negative
2338,positive
2339,positive
2340,negative
2341,positive
2342,positive
2343,negative
2344,negative
2345,negative
2346,negative
2347,positive
2348,negative
2349,positive
2350,negative
2351,negative
2352,positive
2353,positive
2354,positive
2355,negative
2356,negative
2357,positive
2358,negative
2359,positive
2360,negative
2361,positive
2362,negative
2363,negative
2364,negative
2365,negative
2366,negative
2367,negative
2368,negative
2369,negative
2370,positive
2371,negative
2372,positive
2373,negative
2374,negative
2375,negative
2376,negative
2377,positive
2378,negative
2379,positive
2380,negative
2381,positive
2382,positive
2383,negative
2384,negative
2385,positive
2386,negative
2387,positive
2388,positive
2389,positive
2390,positive
2391,positive
2392,positive
2393,negative
2394,positive
2395,negative
2396,positive
2397,negative
2398,positive
2399,positive
2400,negative
2401,negative
2402,negative
2403,positive
2404,negative
2405,negative
2406,positive
2407,negative
2408,negative
2409,positive
2410,negative
2411,positive
2412,negative
2413,positive
2414,negative
2415,positive
2416,negative
2417,positive
2418,negative
2419,positive
2420,positive
2421,negative
2422,positive
2423,negative
2424,positive
2425,negative
2426,positive
2427,negative
2428,negative
2429,negative
2430,negative
2431,negative
2432,positive
2433,positive
2434,negative
2435,negative
2436,negative
2437,positive
2438,negative
2439,negative
2440,negative
2441,positive
2442,positive
2443,positive
2444,negative
2445,positive
2446,positive
2447,negative
2448,negative
2449,positive
2450,negative
2451,negative
2452,positive
2453,positive
2454,negative
2455,positive
2456,positive
2457,positive
2458,positive
2459,positive
2460,negative
2461,negative
2462,negative
2463,positive
2464,positive
2465,positive
2466,positive
2467,positive
2468,positive
2469,negative
2470,negative
2471,positive
2472,positive
2473,negative
2474,positive
2475,negative
2476,positive
2477,positive
2478,negative
2479,negative
2480,negative
2481,negative
2482,positive
2483,negative
2484,negative
2485,negative
2486,positive
2487,negative
2488,positive
2489,negative
2490,negative
2491,negative
2492,positive
2493,positive
2494,negative
2495,negative
2496,positive
2497,negative
2498,positive
2499,positive
2500,negative
2501,positive
2502,negative
2503,negative
2504,negative
2505,positive
2506,negative
2507,positive
2508,positive
2509,negative
2510,negative
2511,negative
2512,positive
2513,positive
2514,negative
2515,negative
2516,negative
2517,negative
2518,positive
2519,positive
2520,positive
2521,negative
2522,negative
2523,negative
2524,negative
2525,negative
2526,negative
2527,negative
2528,negative
2529,positive
2530,positive
2531,positive
2532,positive
2533,positive
2534,positive
2535,positive
2536,negative
2537,positive
2538,positive
2539,positive
2540,negative
2541,negative
2542,positive
2543,negative
2544,negative
2545,positive
2546,negative
2547,negative
2548,negative
2549,positive
2550,negative
2551,positive
2552,positive
2553,positive
2554,negative
2555,positive
2556,positive
2557,negative
2558,negative
2559,negative
2560,negative
2561,positive
2562,positive
2563,negative
2564,negative
2565,negative
2566,positive
2567,positive
2568,negative
2569,negative
2570,negative
2571,negative
2572,positive
2573,positive
2574,positive
2575,negative
2576,negative
2577,negative
2578,negative
2579,positive
2580,negative
2581,positive
2582,negative
2583,negative
2584,positive
2585,negative
2586,positive
2587,positive
2588,negative
2589,negative
2590,positive
2591,negative
2592,positive
2593,positive
2594,positive
2595,positive
2596,positive
2597,positive
2598,positive
2599,negative
2600,positive
2601,negative
2602,positive
2603,positive
2604,negative
2605,negative
2606,negative
2607,positive
2608,positive
2609,positive
2610,positive
2611,positive
2612,positive
2613,positive
2614,positive
2615,positive
2616,positive
2617,positive
2618,positive
2619,positive
2620,negative
2621,positive
2622,negative
2623,positive
2624,positive
2625,negative
2626,positive
2627,positive
2628,positive
2629,negative
2630,positive
2631,positive
2632,positive
2633,negative
2634,negative
2635,positive
2636,positive
2637,negative
2638,negative
2639,negative
2640,positive
2641,negative
2642,negative
2643,negative
2644,negative
2645,positive
2646,positive
2647,positive
2648,positive
2649,positive
2650,negative
2651,positive
2652,positive
2653,positive
2654,negative
2655,positive
2656,negative
2657,positive
2658,positive
2659,positive
2660,positive
2661,negative
2662,negative
2663,positive
2664,negative
2665,positive
2666,positive
2667,negative
2668,positive
2669,negative
2670,negative
2671,positive
2672,positive
2673,negative
2674,negative
2675,negative
2676,positive
2677,positive
2678,negative
2679,negative
2680,positive
2681,positive
2682,negative
2683,positive
2684,positive
2685,positive
2686,positive
2687,negative
2688,positive
2689,positive
2690,negative
2691,negative
2692,positive
2693,positive
2694,positive
2695,negative
2696,positive
2697,negative
2698,positive
2699,negative
2700,negative
2701,negative
2702,positive
2703,positive
2704,negative
2705,positive
2706,negative
2707,positive
2708,negative
2709,positive
2710,negative
2711,negative
2712,positive
2713,negative
2714,positive
2715,negative
2716,negative
2717,positive
2718,negative
2719,negative
2720,positive
2721,negative
2722,positive
2723,negative
2724,negative
2725,negative
2726,positive
2727,positive
2728,positive
2729,negative
2730,negative
2731,positive
2732,positive
2733,negative
2734,positive
2735,negative
2736,positive
2737,positive
2738,positive
2739,negative
2740,negative
2741,negative
2742,negative
2743,negative
2744,positive
2745,positive
2746,positive
2747,positive
2748,negative
2749,negative
2750,positive
2751,positive
2752,positive
2753,negative
2754,positive
2755,negative
2756,negative
2757,positive
2758,negative
2759,negative
2760,positive
2761,positive
2762,positive
2763,negative
2764,negative
2765,positive
2766,positive
2767,negative
2768,negative
2769,negative
2770,negative
2771,negative
2772,negative
2773,negative
2774,positive
2775,positive
2776,positive
2777,positive
2778,positive
2779,positive
2780,negative
2781,positive
2782,positive
2783,negative
2784,positive
2785,positive
2786,positive
2787,positive
2788,negative
2789,positive
2790,negative
2791,negative
2792,negative
2793,negative
2794,positive
2795,negative
2796,negative
2797,negative
2798,positive
2799,negative
2800,positive
2801,positive
2802,positive
2803,positive
2804,positive
2805,positive
2806,positive
2807,negative
2808,negative
2809,negative
2810,negative
2811,negative
2812,positive
2813,positive
2814,positive
2815,negative
2816,positive
2817,positive
2818,positive
2819,positive
2820,negative
2821,positive
2822,positive
2823,positive
2824,positive
2825,negative
2826,positive
2827,negative
2828,negative
2829,positive
2830,negative
2831,negative
2832,positive
2833,negative
2834,negative
2835,positive
2836,negative
2837,negative
2838,positive
2839,negative
2840,negative
2841,negative
2842,positive
2843,negative
2844,positive
2845,negative
2846,positive
2847,positive
2848,negative
2849,positive
2850,positive
2851,negative
2852,negative
2853,negative
2854,negative
2855,negative
2856,positive
2857,positive
2858,positive
2859,negative
2860,negative
2861,positive
2862,positive
2863,negative
2864,positive
2865,positive
2866,positive
2867,positive
2868,positive
2869,positive
2870,positive
2871,negative
2872,negative
2873,negative
2874,negative
2875,positive
2876,positive
2877,positive
2878,positive
2879,negative
2880,positive
2881,negative
2882,negative
2883,positive
2884,positive
2885,negative
2886,negative
2887,negative
2888,positive
2889,positive
2890,positive
2891,negative
2892,positive
2893,positive
2894,negative
2895,positive
2896,negative
2897,negative
2898,negative
2899,positive
2900,positive
2901,negative
2902,positive
2903,positive
2904,positive
2905,positive
2906,positive
2907,negative
2908,positive
2909,positive
2910,positive
2911,negative
2912,positive
2913,negative
2914,negative
2915,positive
2916,positive
2917,negative
2918,positive
2919,positive
2920,negative
2921,negative
2922,positive
2923,negative
2924,negative
2925,positive
2926,positive
2927,positive
2928,negative
2929,positive
2930,positive
2931,negative
2932,negative
2933,negative
2934,negative
2935,positive
2936,positive
2937,negative
2938,positive
2939,positive
2940,negative
2941,negative
2942,negative
2943,positive
2944,negative
2945,positive
2946,positive
2947,negative
2948,negative
2949,positive
2950,negative
2951,positive
2952,positive
2953,positive
2954,negative
2955,positive
2956,negative
2957,positive
2958,negative
2959,positive
2960,negative
2961,negative
2962,negative
2963,negative
2964,positive
2965,negative
2966,negative
2967,positive
2968,positive
2969,negative
2970,positive
2971,negative
2972,positive
2973,negative
2974,positive
2975,negative
2976,negative
2977,positive
2978,positive
2979,positive
2980,negative
2981,negative
2982,negative
2983,negative
2984,positive
2985,negative
2986,negative
2987,negative
2988,negative
2989,negative
2990,negative
2991,positive
2992,positive
2993,negative
2994,negative
2995,negative
2996,positive
2997,negative
2998,positive
2999,negative
3000,positive
3001,positive
3002,positive
3003,positive
3004,negative
3005,negative
3006,negative
3007,negative
3008,positive
3009,positive
3010,positive
3011,positive
3012,positive
3013,negative
3014,positive
3015,positive
3016,positive
3017,negative
3018,positive
3019,positive
3020,negative
3021,negative
3022,positive
3023,positive
3024,negative
3025,positive
3026,positive
3027,negative
3028,positive
3029,positive
3030,positive
3031,positive
3032,negative
3033,positive
3034,positive
3035,negative
3036,negative
3037,negative
3038,negative
3039,positive
3040,negative
3041,negative
3042,negative
3043,positive
3044,positive
3045,negative
3046,negative
3047,positive
3048,positive
3049,negative
3050,negative
3051,positive
3052,positive
3053,positive
3054,positive
3055,positive
3056,positive
3057,positive
3058,positive
3059,positive
3060,negative
3061,negative
3062,positive
3063,negative
3064,negative
3065,positive
3066,negative
3067,negative
3068,negative
3069,positive
3070,negative
3071,positive
3072,positive
3073,negative
3074,positive
3075,negative
3076,positive
3077,negative
3078,negative
3079,positive
3080,positive
3081,positive
3082,positive
3083,negative
3084,negative
3085,positive
3086,negative
3087,negative
3088,negative
3089,negative
3090,negative
3091,negative
3092,negative
3093,negative
3094,positive
3095,positive
3096,positive
3097,negative
3098,positive
3099,positive
3100,negative
3101,negative
3102,negative
3103,positive
3104,negative
3105,negative
3106,positive
3107,positive
3108,positive
3109,negative
3110,negative
3111,negative
3112,negative
3113,positive
3114,negative
3115,negative
3116,positive
3117,negative
3118,positive
3119,positive
3120,negative
3121,positive
3122,negative
3123,negative
3124,positive
3125,negative
3126,positive
3127,positive
3128,negative
3129,positive
3130,negative
3131,negative
3132,negative
3133,positive
3134,positive
3135,negative
3136,negative
3137,positive
3138,positive
3139,positive
3140,negative
3141,negative
3142,negative
3143,positive
3144,negative
3145,positive
3146,negative
3147,positive
3148,negative
3149,negative
3150,positive
3151,negative
3152,negative
3153,positive
3154,negative
3155,negative
3156,positive
3157,negative
3158,positive
3159,negative
3160,negative
3161,positive
3162,positive
3163,positive
3164,positive
3165,negative
3166,negative
3167,positive
3168,positive
3169,negative
3170,negative
3171,negative
3172,positive
3173,positive
3174,positive
3175,negative
3176,positive
3177,negative
3178,negative
3179,negative
3180,positive
3181,negative
3182,positive
3183,positive
3184,negative
3185,negative
3186,negative
3187,positive
3188,negative
3189,positive
3190,positive
3191,positive
3192,negative
3193,negative
3194,positive
3195,negative
3196,negative
3197,positive
3198,positive
3199,negative
3200,positive
3201,negative
3202,negative
3203,positive
3204,negative
3205,negative
3206,negative
3207,positive
3208,positive
3209,positive
3210,negative
3211,positive
3212,negative
3213,negative
3214,negative
3215,positive
3216,positive
3217,positive
3218,negative
3219,positive
3220,negative
3221,negative
3222,positive
3223,negative
3224,negative
3225,positive
3226,positive
3227,negative
3228,positive
3229,negative
3230,positive
3231,positive
3232,negative
3233,negative
3234,negative
3235,positive
3236,negative
3237,negative
3238,positive
3239,positive
3240,negative
3241,positive
3242,negative
3243,positive
3244,positive
3245,negative
3246,positive
3247,positive
3248,negative
3249,positive
3250,positive
3251,negative
3252,positive
3253,positive
3254,positive
3255,negative
3256,negative
3257,positive
3258,negative
3259,positive
3260,negative
3261,positive
3262,positive
3263,negative
3264,negative
3265,positive
3266,positive
3267,positive
3268,positive
3269,positive
3270,positive
3271,positive
3272,negative
3273,negative
3274,negative
3275,positive
3276,positive
3277,positive
3278,positive
3279,negative
3280,positive
3281,positive
3282,positive
3283,negative
3284,positive
3285,positive
3286,negative
3287,positive
3288,positive
3289,negative
3290,positive
3291,negative
3292,negative
3293,negative
3294,positive
3295,positive
3296,positive
3297,negative
3298,positive
3299,positive
3300,positive
3301,positive
3302,negative
3303,negative
3304,positive
3305,negative
3306,positive
3307,negative
3308,positive
3309,negative
3310,positive
3311,positive
3312,positive
3313,negative
3314,negative
3315,positive
3316,positive
3317,positive
3318,negative
3319,negative
3320,positive
3321,negative
3322,positive
3323,negative
3324,negative
3325,negative
3326,negative
3327,positive
3328,positive
3329,positive
3330,negative
3331,negative
3332,negative
3333,positive
3334,positive
3335,negative
3336,negative
3337,negative
3338,positive
3339,negative
3340,positive
3341,negative
3342,negative
3343,negative
3344,positive
3345,negative
3346,positive
3347,negative
3348,negative
3349,positive
3350,positive
3351,positive
3352,positive
3353,negative
3354,positive
3355,positive
3356,negative
3357,positive
3358,positive
3359,negative
3360,positive
3361,positive
3362,negative
3363,negative
3364,negative
3365,positive
3366,positive
3367,negative
3368,positive
3369,positive
3370,positive
3371,negative
3372,positive
3373,negative
3374,positive
3375,negative
3376,positive
3377,negative
3378,negative
3379,negative
3380,negative
3381,positive
3382,negative
3383,negative
3384,negative
3385,negative
3386,negative
3387,positive
3388,positive
3389,positive
3390,negative
3391,negative
3392,negative
3393,positive
3394,negative
3395,negative
3396,negative
3397,negative
3398,negative
3399,positive
3400,positive
3401,positive
3402,positive
3403,negative
3404,positive
3405,negative
3406,negative
3407,positive
3408,negative
3409,positive
3410,negative
3411,negative
3412,positive
3413,positive
3414,positive
3415,positive
3416,positive
3417,positive
3418,positive
3419,negative
3420,negative
3421,positive
3422,negative
3423,positive
3424,positive
3425,negative
3426,negative
3427,negative
3428,negative
3429,negative
3430,negative
3431,positive
3432,negative
3433,negative
3434,positive
3435,positive
3436,positive
3437,positive
3438,positive
3439,negative
3440,negative
3441,negative
3442,positive
3443,positive
3444,positive
3445,negative
3446,positive
3447,negative
3448,negative
3449,positive
3450,negative
3451,positive
3452,positive
3453,negative
3454,positive
3455,positive
3456,negative
3457,positive
3458,negative
3459,negative
3460,positive
3461,positive
3462,negative
3463,negative
3464,negative
3465,negative
3466,negative
3467,negative
3468,negative
3469,negative
3470,positive
3471,negative
3472,negative
3473,positive
3474,negative
3475,positive
3476,positive
3477,negative
3478,negative
3479,negative
3480,positive
3481,negative
3482,negative
3483,negative
3484,positive
3485,negative
3486,negative
3487,negative
3488,positive
3489,negative
3490,negative
3491,negative
3492,positive
3493,negative
3494,negative
3495,negative
3496,positive
3497,negative
3498,positive
3499,negative
3500,negative
3501,positive
3502,positive
3503,negative
3504,negative
3505,negative
3506,positive
3507,positive
3508,positive
3509,positive
3510,negative
3511,positive
3512,negative
3513,negative
3514,negative
3515,negative
3516,negative
3517,negative
3518,positive
3519,positive
3520,positive
3521,positive
3522,negative
3523,negative
3524,positive
3525,negative
3526,negative
3527,positive
3528,negative
3529,negative
3530,negative
3531,positive
3532,negative
3533,negative
3534,positive
3535,negative
3536,positive
3537,positive
3538,negative
3539,positive
3540,negative
3541,positive
3542,negative
3543,negative
3544,positive
3545,negative
3546,negative
3547,positive
3548,positive
3549,negative
3550,negative
3551,negative
3552,positive
3553,negative
3554,negative
3555,positive
3556,negative
3557,positive
3558,negative
3559,positive
3560,negative
3561,positive
3562,negative
3563,negative
3564,positive
3565,positive
3566,positive
3567,positive
3568,positive
3569,positive
3570,positive
3571,negative
3572,positive
3573,positive
3574,positive
3575,positive
3576,positive
3577,positive
3578,negative
3579,positive
3580,positive
3581,positive
3582,negative
3583,negative
3584,negative
3585,negative
3586,negative
3587,positive
3588,negative
3589,positive
3590,negative
3591,negative
3592,positive
3593,positive
3594,negative
3595,negative
3596,negative
3597,positive
3598,negative
3599,negative
3600,positive
3601,positive
3602,negative
3603,negative
3604,negative
3605,positive
3606,positive
3607,negative
3608,negative
3609,positive
3610,positive
3611,positive
3612,negative
3613,negative
3614,positive
3615,positive
3616,negative
3617,negative
3618,positive
3619,negative
3620,negative
3621,positive
3622,negative
3623,positive
3624,positive
3625,negative
3626,negative
3627,negative
3628,negative
3629,negative
3630,negative
3631,positive
3632,positive
3633,negative
3634,negative
3635,positive
3636,negative
3637,negative
3638,positive
3639,negative
3640,negative
3641,negative
3642,negative
3643,negative
3644,positive
3645,positive
3646,positive
3647,positive
3648,positive
3649,positive
3650,positive
3651,negative
3652,negative
3653,negative
3654,negative
3655,negative
3656,positive
3657,negative
3658,positive
3659,positive
3660,negative
3661,positive
3662,positive
3663,positive
3664,negative
3665,negative
3666,positive
3667,positive
3668,negative
3669,negative
3670,negative
3671,positive
3672,negative
3673,negative
3674,negative
3675,negative
3676,positive
3677,negative
3678,positive
3679,positive
3680,positive
3681,negative
3682,negative
3683,positive
3684,negative
3685,positive
3686,positive
3687,positive
3688,positive
3689,negative
3690,positive
3691,negative
3692,positive
3693,negative
3694,negative
3695,positive
3696,negative
3697,negative
3698,positive
3699,positive
3700,positive
3701,negative
3702,negative
3703,negative
3704,negative
3705,negative
3706,positive
3707,positive
3708,negative
3709,positive
3710,negative
3711,negative
3712,positive
3713,negative
3714,negative
3715,positive
3716,positive
3717,negative
3718,negative
3719,negative
3720,positive
3721,positive
3722,negative
3723,negative
3724,positive
3725,positive
3726,negative
3727,negative
3728,positive
3729,negative
3730,positive
3731,positive
3732,negative
3733,negative
3734,positive
3735,positive
3736,positive
3737,negative
3738,negative
3739,negative
3740,positive
3741,positive
3742,negative
3743,positive
3744,positive
3745,negative
3746,positive
3747,negative
3748,negative
3749,negative
3750,positive
3751,negative
3752,positive
3753,negative
3754,negative
3755,positive
3756,negative
3757,negative
3758,negative
3759,positive
3760,positive
3761,positive
3762,negative
3763,negative
3764,negative
3765,negative
3766,positive
3767,positive
3768,negative
3769,negative
3770,negative
3771,negative
3772,negative
3773,positive
3774,positive
3775,negative
3776,positive
3777,negative
3778,positive
3779,positive
3780,negative
3781,negative
3782,positive
3783,positive
3784,negative
3785,positive
3786,negative
3787,positive
3788,negative
3789,positive
3790,negative
3791,positive
3792,positive
3793,negative
3794,negative
3795,positive
3796,negative
3797,negative
3798,negative
3799,positive
3800,negative
3801,negative
3802,positive
3803,positive
3804,negative
3805,negative
3806,negative
3807,positive
3808,negative
3809,negative
3810,positive
3811,negative
3812,positive
3813,negative
3814,positive
3815,positive
3816,negative
3817,negative
3818,negative
3819,negative
3820,negative
3821,positive
3822,positive
3823,positive
3824,positive
3825,positive
3826,negative
3827,negative
3828,positive
3829,positive
3830,negative
3831,negative
3832,negative
3833,negative
3834,positive
3835,positive
3836,positive
3837,positive
3838,positive
3839,negative
3840,positive
3841,positive
3842,negative
3843,negative
3844,positive
3845,negative
3846,positive
3847,positive
3848,negative
3849,positive
3850,negative
3851,negative
3852,positive
3853,positive
3854,positive
3855,positive
3856,positive
3857,positive
3858,positive
3859,positive
3860,negative
3861,positive
3862,negative
3863,negative
3864,positive
3865,negative
3866,negative
3867,negative
3868,negative
3869,positive
3870,negative
3871,positive
3872,positive
3873,positive
3874,negative
3875,negative
3876,positive
3877,positive
3878,positive
3879,negative
3880,positive
3881,positive
3882,positive
3883,positive
3884,negative
3885,negative
3886,positive
3887,positive
3888,positive
3889,positive
3890,negative
3891,positive
3892,negative
3893,positive
3894,positive
3895,negative
3896,positive
3897,negative
3898,positive
3899,negative
3900,negative
3901,positive
3902,negative
3903,negative
3904,negative
3905,positive
3906,positive
3907,negative
3908,positive
3909,negative
3910,negative
3911,negative
3912,positive
3913,positive
3914,positive
3915,positive
3916,positive
3917,positive
3918,positive
3919,negative
3920,negative
3921,negative
3922,positive
3923,negative
3924,positive
3925,positive
3926,positive
3927,positive
3928,negative
3929,positive
3930,negative
3931,positive
3932,negative
3933,negative
3934,positive
3935,positive
3936,negative
3937,positive
3938,positive
3939,negative
3940,negative
3941,negative
3942,negative
3943,negative
3944,negative
3945,positive
3946,positive
3947,positive
3948,positive
3949,negative
3950,positive
3951,positive
3952,positive
3953,positive
3954,positive
3955,positive
3956,positive
3957,positive
3958,negative
3959,positive
3960,positive
3961,positive
3962,negative
3963,positive
3964,positive
3965,positive
3966,positive
3967,negative
3968,negative
3969,positive
3970,positive
3971,negative
3972,negative
3973,positive
3974,negative
3975,negative
3976,positive
3977,positive
3978,positive
3979,negative
3980,negative
3981,negative
3982,positive
3983,positive
3984,negative
3985,negative
3986,positive
3987,negative
3988,negative
3989,negative
3990,positive
3991,negative
3992,negative
3993,negative
3994,negative
3995,negative
3996,negative
3997,negative
3998,negative
3999,positive
